[ {
  "id" : "c803d698dbd84d3e8d97048d04abbaba",
  "title" : "1ee1",
  "img" : "http://localhost:8080/edu/admin/sys/fileupload/get?getthumb=5e38be87e4a0450fb214d4d172377473.png",
  "summary" : "sadf",
  "content" : "<p>\r\n\t<img alt=\"\" src=\"/edu/userfiles/1/images/edu/activity/2015/03/abc.png\" style=\"width: 140px; height: 140px;\" />safdsafdsfdsaf123</p>",
  "top" : "1",
  "createDate" : 1427637174000
}, {
  "id" : "65a4592553c440168fdc142eb3fb1469",
  "title" : "asdfasd",
  "img" : "http://localhost:8080/edu/admin/sys/fileupload/get?getthumb=c6015383e02949cbb1d1ece7b3cfff70.png",
  "summary" : "asfdsaf",
  "top" : "0",
  "createDate" : 1427634947000
} ]